phone,school
+17029706800,Amplus Durango Campus
+12177415673,Battle Born Academy
+17027268600,Beacon Academy of Nevada - Flamingo Campus
+17024316260,CIVICA
+17026656998,Coral Academy of Science - Cadence Campus
+17026854333,Coral Academy of Science - Centennial Hills
+17024899797,Coral Academy of Science - Eastgate
+17022698512,Coral Academy of Science - Nellis AFB
+17027768800,Coral Academy of Science - Sandy Ridge
+17024853410,Coral Academy of Science - Windmill
+17023162410,Democracy Prep
+17022400359,Discovery Charter School - Hillpointe
+17024899350,Discovery Charter School - Sandhill
+17029607500,Doral Academy Las Vegas - Cactus
+17029014950,Doral Academy Las Vegas - Fire Mesa
+17027768530,Doral Academy Las Vegas - Red Rock
+17028022638,Doral Academy Las Vegas - Saddle
+17029164320,Doral Academy Las Vegas - West Pebble
+17029070432,Equipo Academy
+17028050926,Explore Academy
+17029988368,Founders Classical Academy of Las Vegas
+17025331896,Freedom Classical Academy
+17023315515,Futuro Academy
+17026726386,Girls Empowerment Middle School
+17022530251,Imagine School Mountainview
+17028462310,Legacy Traditional School - Cadence
+17023420880,Legacy Traditional School - North Valley
+17026371776,Legacy Traditional School - Southwest Las Vegas
+17024788318,Mater Academy Las Vegas - Bonanza
+17024629361,Mater Academy Las Vegas - East
+17024852400,Mater Academy Las Vegas - Mountain Vista
+17023018118,Nevada Prep
+17023367060,Nevada Rise
+17029532600,Nevada State High School - Downtown
+17022022227,Pinecrest Academy of Nevada - Cadence
+17027493500,Pinecrest Academy of Nevada - Horizon
+17024735777,Pinecrest Academy of Nevada - Inspirada
+17024629700,Pinecrest Academy of Nevada - Sloan Canyon
+17027509150,Pinecrest Academy of Nevada - St. Rose
+17252228878,PilotED - Cactus Park Elementary
+17025482225,Quest Preparatory Academy
+17028679711,Signature Prep
+17025226219,Silver Sands Montessori
+17029162327,Somerset Academy - Aliante
+17026859150,Somerset Academy - Lone Mountain
+17029025466,Somerset Academy - Losee
+17026335616,Somerset Academy - North Las Vegas
+17024892473,Somerset Academy - Skye Canyon
+17024788888,Somerset Academy - Sky Pointe
+17029980500,Somerset Academy - Stephanie
+17027583612,Southern Nevada Trades High School
+17024735735,Sports Leadership and Management Academy
+17022295437,Strong Start Academy
+17024837125,TEACH Las Vegas
+15202655589,A+ Charter Schools
+16022438004,AAEC - Paradise Valley
+16023239890,AAEC - SMCC Campus
+14802223999,AAEC Online
+16238886697,Academy of Math and Science Avondale
+16235475587,Academy of Math and Science Camelback
+15208881732,Academy of Math and Science Desert Sky
+15208875392,Academy of Math and Science Peoria Advanced
+16026759696,Academy of Math and Science South Mountain
+16028889572,Academy of Mathematics and Science South
+14808330068,Academy with Community Partners
+16024850309,Accelerated Learning Center
+16236910919,ACCLAIM Academy
+16029385517,Adams Traditional Academy
+16022438531,Advance U
+15202155859,Akimel O'Otham Pee Posh (3-5)
+16027216610,Albert Einstein Academy
+16235515083,AMCS at Anthem dba Caurus Academy
+14803449800,American Leadership Academy Anthem K-6
+14809883204,American Leadership Academy Gilbert K-6
+14803449892,American Leadership Academy Gilbert North K-12
+14804202101,American Leadership Academy Gilbert South K-6
+14804202110,American Leadership Academy Mesa K-6
+14804202150,American Leadership Academy Queen Creek K-12
+14808611320,American Leadership Academy West Foothills K-12
+16025320100,AmeriSchools Academy - Camelback
+14802880337,Apache Trail High School
+16235350754,Arizona Agribusiness & Equine Center - Estrella
+16028825544,Arizona Autism Charter - Online High School
+15208825544,Arizona Autism Charter School
+16239744959,Arizona Charter Academy
+16234988200,Arizona Collegiate High School
+14807825842,Arizona Connections Academy
+16022664278,Arizona Conservatory for Arts and Academics
+16238780986,Arizona Conservatory for Arts and Academics Elementary Schoo
+16024761320,Arizona Insight Academy
+16029961595,Arizona Language Preparatory
+14803349608,Arizona Language Schools
+16239072661,Arizona Preparatory Academy
+16022571444,Arizona School For The Arts
+16234742120,Arts Academy at Estrella Mountain
+15203744200,ASU Preparatory Academy - Casa Grande HS
+16024963100,ASU Preparatory Academy - Phoenix Middle School
+16028421722,ASU Preparatory Academy - South Phoenix High School
+16025516594,ASU Preparatory Academy - South Phoenix Intermediate
+16024921722,ASU Preparatory Academy - South Phoenix Primary
+18446923372,ASU Preparatory Academy Digital
+16024960041,ASU Preparatory Academy- Pilgrim Rest K-8
+14807275700,ASU Preparatory Academy-Polytechnic Elementary
+14807275769,ASU Preparatory Academy-Polytechnic High School
+14806714585,Avalon Elementary
+14802875588,AZ Compass Prep School
+14806565555,Ball Charter Schools (Val Vista)
+14806592294,BASIS Ahwatukee
+14809076072,BASIS Chandler
+14807986447,BASIS Chandler Primary - North Campus
+14804942200,BASIS Chandler Primary- South Campus
+14802768592,BASIS Goodyear
+16022394807,BASIS Mesa
+16235669100,BASIS Peoria
+16232511504,BASIS Peoria Primary
+16025959870,BASIS Phoenix
+16029627393,BASIS Phoenix Central Primary
+14802892088,BASIS Phoenix North
+16025980330,BASIS Phoenix Primary
+14804517500,BASIS Scottsdale
+14803911099,BASIS Scottsdale Primary - East Campus
+14809001858,BASIS Scottsdale Primary - West Campus
+16027653582,Benchmark School
+14809870722,Benjamin Franklin Charter School - Crismon
+14806320722,Benjamin Franklin Charter School - Gilbert
+14806778400,Benjamin Franklin Charter School - Power
+14805581197,Benjamin Franklin High School
+16029431317,Bennett Academy
+16022424220,Bennett Academy - Venture Site
+14808211404,Bright Beginnings School #1
+14809644602,Burke Basic School
+16235562179,Calibre Academy Surprise
+14806412828,Cambridge Academy East
+14809873577,Cambridge Academy East
+16232472204,Camelback Academy
+14809239963,Candeo North Scottsdale
+16239796500,Candeo Peoria
+16029736018,Career and College Prep
+16029550355,Career Success School - Sage Campus
+16026878282,Career Success Schools - STEM Academy 7-12
+16028925022,CASA Academy
+14806321940,Center for Educational Excellence
+16029385411,Challenge Charter School
+14808301750,Challenger Basic School
+14806643379,Champion Chandler
+14807652223,Champion San Tan
+16027120500,Children First Leadership Academy
+16022526721,City View High School
+14804610555,Concordia Charter School
+16025952198,Cornerstone Charter School
+16239002230,Country Gardens Charter School
+16027659555,Crestview College Preparatory High School
+16235359300,Crown Charter School
+16238450781,Crown Point High School
+16023884444,Deer Valley Academy
+16028962900,Desert Heights Charter School
+14808131151,Desert Hills High School
+16022436909,Desert Marigold School
+16239744827,Discover U
+14808556325,Dobson Academy The - A Ball Charter School
+16023235400,EAGLE College Prep
+16026380820,EAGLE College Prep Maryvale
+16026380802,EAGLE College Preparatory School- Mesa
+14809812008,East Valley High School
+16232822871,Edison School of Innovation
+14808904001,Edkey Inc. - Sequoia Deaf School
+14806213365,EdOptions HS Learning Center
+14808139537,EDUPRIZE ONLINE INSTRUCTION
+14808881610,Eduprize School
+16022835720,Empower College Prep
+16239326561,Estrella High School
+16232493211,Ethos Academy- A Challenge Foundation Academy
+15057103214,Explore Academy - Peoria
+16028706674,Franklin Phonetic Primary School-Sunnyslope
+16024240771,Freedom Academy
+14802562642,Freedom Prep Academy - Mesa
+16022584353,Friendly House Academia Del Pueblo Elem
+16023925237,Gateway Early College High School
+16022548090,Genesis Academy
+14802192121,George Gervin Prep Academy
+16022884518,Girls Leadership Academy of Arizona
+16028411221,Glenview College Preparatory High School
+16234654776,Great Hearts Academies - Anthem Prep
+14802224233,Great Hearts Academies - Archway Arete
+14808556474,Great Hearts Academies - Archway Chandler
+14804241790,Great Hearts Academies - Archway Cicero
+16238664710,Great Hearts Academies - Archway Glendale
+14804241798,Great Hearts Academies - Archway Lincoln
+16029964355,Great Hearts Academies - Archway North Phoenix
+14807760413,Great Hearts Academies - Archway Scottsdale
+16234144883,Great Hearts Academies - Archway Trivium
+16024897341,Great Hearts Academies - Archway Veritas
+14808999181,Great Hearts Academies - Chandler Prep
+16238890822,Great Hearts Academies - Glendale Prep
+14804241796,Great Hearts Academies - Lincoln Prep
+16233247609,Great Hearts Academies - Maryvale Prep
+16233448003,Great Hearts Academies - Roosevelt
+14807761970,Great Hearts Academies - Scottsdale Prep
+16238664730,Great Hearts Academies - Trivium Prep
+16022631128,Great Hearts Academies - Veritas Prep
+16024387045,Great Hearts Online - Arizona
+16233762900,Happy Valley School
+14808881342,Happy Valley School East Campus
+16028969160,Hearn Academy The - A Ball Charter School
+14805990137,Heartwood AZ
+14809695641,Heritage Academy
+14804614400,Heritage Academy Gateway
+16022908546,Heritage Academy Laveen
+15203673800,Heritage Academy Maricopa
+16235373535,Heritage Academy Pinnacle
+16232090017,Heritage Academy Pointe
+16237423956,Heritage Elementary School
+16233008385,Highland Prep
+16234140811,Highland Prep West
+14804889362,Hirsch Academy A Challenge Foundation
+16237728013,Hope High School
+16026745555,Hope High School Online
+14806593100,Horizon Honors Elementary School
+14806593000,Horizon Honors Secondary School
+14803175900,Humanities and Sciences Academy Arizona
+16233441730,Imagine Avondale Elementary
+16025477920,Imagine Bell Canyon
+16023444620,Imagine Camelback Elementary
+15207235391,Imagine Coolidge Elementary
+16025899840,Imagine Cortez Park Elementary
+16233447150,Imagine Desert West Elementary
+16234692024,Imagine Desert West Middle
+14803556830,Imagine East Mesa Elementary
+16232504567,Imagine Online Academy of Arizona
+15204242790,Imagine Prep Coolidge
+14803550530,Imagine Prep Superstition
+16233441770,Imagine Prep Surprise
+16233444300,Imagine Rosefield
+16232504580,Imagine Schools at Buckeye
+16028197170,Incito Schools
+16025647230,Intelli-School
+16025647345,Intelli-School - Metro Center
+16025647285,Intelli-School - Paradise Valley
+16025647210,Intelli-School Glendale
+16025647384,IntelliSchool Online
+14803452306,James Madison Preparatory School
+16025952990,Jefferson Preparatory High School
+14807269536,Kaizen Education Foundation dba El Dorado High School
+14803256100,Kaizen Education Foundation dba Gilbert Arts Academy
+16022423442,Kaizen Education Foundation dba Maya High School
+16022438496,Kaizen Education Foundation dba Quest High School
+16022761943,Kaizen Education Foundation dba South Pointe Elementary Scho
+16022588959,Kaizen Education Foundation dba Summit High School
+14809241500,Kaizen Education Foundation dba Vista Grove Preparatory Acad
+16028455983,Kaleidoscope School
+14804607312,Keystone Montessori Charter School
+16022523759,Khalsa Montessori Elementary School - Phoenix
+14809845646,Leading Edge Academy at East Mesa
+14805458011,Leading Edge Academy Gilbert Early College
+14805456646,Leading Edge Academy Gilbert Elementary
+15205687800,Leading Edge Academy Maricopa
+14806556787,Leading Edge Academy Mountain View
+14802575362,Leading Edge Academy Online
+14808346202,Learning Foundation
+14806359400,Learning Foundation and Performing Arts Gilbert
+14802488025,Learning Foundation and Performing Arts Warner
+16022417876,Learning Institute The
+16026711400,Legacy Online Academy
+16233440330,Legacy Traditional School - Avondale
+15204212323,Legacy Traditional School - Casa Grande
+14802705422,Legacy Traditional School - Chandler
+16024229025,Legacy Traditional School - Deer Valley
+14809355320,Legacy Traditional School - East Mesa
+16232331100,Legacy Traditional School - Goodyear
+15204239999,Legacy Traditional School - Maricopa
+14805764000,Legacy Traditional School - Mesa
+16232194320,Legacy Traditional School - North Phoenix
+14806555553,Legacy Traditional School - Queen Creek
+16232999820,Legacy Traditional School - Surprise
+16232991800,Legacy Traditional School - West Surprise
+14803979260,Legacy Traditional School ? Gilbert
+16232194300,Legacy Traditional School ? Glendale
+16233440472,Legacy Traditional School ? Laveen Village
+14807575400,Legacy Traditional School ? North Chandler
+16232999825,Legacy Traditional School ? Peoria
+14805764600,Legacy Traditional-San Tan
+16029754750,Leman Academy of Excellence East Mesa
+16023965627,Leona Connected High School
+14808303444,Liberty Arts Academy
+16024428791,Liberty Traditional Charter School
+16027453800,Madison Highland Prep
+16024772780,Maricopa Institute of Technology
+14808443965,Mesa Arts Academy
+16022589500,Metropolitan Arts Institute
+16239638682,Midtown High School
+16022655133,Midtown Primary School
+16024041009,Milestones Charter School
+15208369383,Mission Heights Preparatory High School
+14808604330,Mission Montessori Academy
+14806994950,Mission Montessori Academy's Middle Years Program
+14802069357,MIT STEM2 Online High School
+14809451121,Montessori Academy
+16029437672,Montessori Day Public Schools Chartered - Mountainside
+14809268375,Montessori Education Centre Charter School - Mesa
+14809641381,Montessori Education Centre Charter School - North Campus
+14806557444,New Horizon School for the Performing Arts
+14802525414,New School for the Arts
+14804819235,New School for the Arts Middle School
+16022389577,New World Educational Center
+16022437788,NFL YET College Prep Academy
+14809862335,Noah Webster Schools- Mesa
+14802916900,Noah Webster Schools-Pima
+16233271757,Odyssey Institute for Advanced and International Studies
+16022754815,Ombudsman - Charter East
+16238426157,Ombudsman - Charter Metro
+16024859872,Ombudsman - Charter Northeast
+16238784503,Ombudsman - Charter Northwest
+16025648102,Ombudsman - Charter West
+16028402997,Ombudsman Online Academy
+16023433043,Paideia Liberal Arts Academy
+16022663989,Pan-American Charter School
+16239752646,Paradise Honors Elementary School
+16234557400,Paradise Honors High School
+16234557430,Paradise Honors Middle School
+14808141600,Paragon Science Academy
+15203812360,Path to Potential
+14809867071,Pathfinder Academy
+16026267057,Pathways in Education
+14804614000,Paul Revere Academy
+16023834013,Pensar Academy
+16239790031,Peoria Accelerated High School
+16022857998,Phoenix College Preparatory Academy
+16028422521,Phoenix International Academy
+16027409271,Phoenix Modern
+14807857776,Pinnacle Charter High School-Tempe East
+15204232380,Pinnacle High School - Casa Grande
+16024140950,Pinnacle High School - Tempe
+14807558222,Pinnacle Online High School
+16239333733,Pioneer Preparatory - A Challenge Foundation
+16023058865,Pioneer Technology & Arts Academy of Arizona
+15208366549,PPEP TEC - Alice S. Paul Learning Center
+16239368682,Precision Academy
+16232451500,Premier Charter High School
+14808967200,Premier Prep Online Academy
+14804566678,Primavera - Online
+16235002853,RCB College Preparatory Academy
+16234668855,Reid Traditional Schools' Painted Rock Academy
+16235167747,Reid Traditional Schools' Valley Academy
+16232231335,Ridgeline Academy Inc.
+14803604518,Ridgeview College Preparatory High School
+16022853003,Riverbend Prep
+16023934200,Robert L. Duffy High School
+16024853402,Sage Academy
+14803622130,Salt River Accelerated Learning Academy
+14802220811,San Tan Charter School
+16026016464,Scholars Academy Sunnyslope
+14804525777,Scottsdale Country Day School
+16022741910,Self Development Academy-Phoenix
+14806412640,Self Development Charter School
+14804613222,Sequoia Choice School Arizona Distance Learning School
+14803979890,Sequoia Lehi Charter School
+14803518070,Sequoia Pathfinder Academy at Eastmark
+15205682112,Sequoia Pathway Academy
+18772252118,Skyline D5
+16023434980,Skyline Prep High School
+16233866799,Skyview High School
+16022084629,Somerset Academy Skyway Campus
+16022449855,Sonoran Science Academy - Phoenix
+16022430600,South Pointe High School
+16232470106,South Ridge High School
+16022652000,Southwest Leadership Academy
+16026418254,State Online School
+14803442600,STEP UP SCHOOL
+16234654910,Stepping Stones Academy
+16232420689,Student Choice High School
+16232422722,Student Choice High School
+15204130261,Student Choice High School - Maricopa
+16026924914,Sun Valley Academy
+16236007660,Sun Valley Academy-Avondale
+14804974800,Sun Valley High School
+14804161040,Synergy Public School
+16022855525,Tech Campus
+14808393402,Tempe Preparatory Academy
+16025354401,The Excel Center - Papago
+16233273111,The Odyssey Preparatory Academy
+16234449654,The Odyssey Preparatory Academy - Sienna Hills
+16238821140,The Odyssey Preparatory Academy Goodyear
+16023433040,The Paideia Academy of South Phoenix
+16232334523,Think Through Academy
+16028702000,ThrivePoint High School at Avondale
+16028433891,Thrivepoint High School at Union Hills
+16026214398,ThrivePoint Online High School
+14806213383,Valley Preparatory Academy
+16234445969,Valor Preparatory Academy
+16238109781,Victory Collegiate Academy
+16029552210,Villa Montessori - Phoenix Campus
+16026017069,Vista College Prep - Maryvale
+16022376273,Vista College Prep Sueno Park
+16023747159,Vista College Preparatory - Hadley
+16026123327,Vista College Preparatory - Metro North Elementary
+16022691110,West Phoenix High School
+16232493900,Western School of Science and Technology
+16232476456,Westland School
+16232719518,Westland School Brighton Campus
+12094781600,ABLE Charter
+13232307270,Academia Avance Charter
+13239230383,Academia Moderna
+16619433031,Academies of the Antelope Valley
+17609465414,Academy for Academic Excellence
+17609521266,Academy of Careers and Exploration
+13232356343,Accelerated
+13238466694,Accelerated Charter Elementary
+15596882021,Accelerated Charter High
+14082511362,ACE Charter High
+14087293920,ACE Empower Academy
+14087293420,ACE Esperanza Middle
+14082956008,ACE Inspire Academy
+15109046440,Achieve Academy
+15308724100,Achieve Charter School of Chico
+15307622599,Achieve Charter School of Paradise Inc.
+18059667392,Adelante Charter
+17145642100,Advanced Learning Academy
+15307422531,AeroSTEM Academy
+17079462347,Agnes J. Johnson Charter
+15108938701,AIMS College Prep High
+13234202170,Alain Leroy Locke College Preparatory Academy
+15109954300,Alameda Community Learning Center
+16197951190,Albert Einstein Academies
+17072680854,Alder Grove Charter School 2
+18187734700,Alfred B. Nobel Charter Middle
+18317286333,Alianza Charter
+17607495982,All Tribes Charter
+17607494375,All Tribes Elementary Charter
+19094655404,Allegiance STEAM Academy - Thrive
+19094655405,Allegiance STEAM Academy - Thrive Fontana
+13237442122,Alliance Cindy and Bill Simon Technology Academy High
+13232387270,Alliance College-Ready Middle Academy 12
+13234513009,Alliance College-Ready Middle Academy 4
+13232692156,Alliance College-Ready Middle Academy 8
+13239231588,Alliance Collins Family College-Ready High
+12133422870,Alliance Dr. Olga Mohan High
+12137458141,Alliance Gertz-Ressler Richard Merkin 6-12 Complex
+13239051377,Alliance Jack H. Skirball Middle
+13239206125,Alliance Judy Ivie Burton Technology Academy High
+13234840450,Alliance Kory Hunter Middle
+13237390560,Alliance Leichtman-Levine Family Foundation Env Sci High
+13239872144,Alliance Marc & Eva Stern Math and Science
+13235372060,Alliance Margaret M. Bloomfield Technology Academy High
+17472232649,Alliance Marine - Innovation and Technology 6-12 Complex
+13235268198,Alliance Morgan McKinzie High
+13235962290,Alliance Ouchi-O'Donovan 6-12 Complex
+12133422874,Alliance Patti And Peter Neuwirth Leadership Academy
+13239729010,Alliance Piera Barbaglia Shaheen Health Services Academy
+13239051210,Alliance Renee and Meyer Luskin Academy High
+13233523206,Alliance Susan and Eric Smidt Technology High
+12132418533,Alliance Ted K. Tajima High
+13232765545,Alliance Tennenbaum Family Technology High
+13239204388,Alliance Virgil Roberts Leadership Academy
+16262045265,Alma Fuerte Public
+18052218550,Almond Acres Charter Academy
+14087911558,Alpha Cindy Avitia High
+14087800831,Alpha: Blanca Alvarado
+14083613876,Alpha: Cornerstone Academy Preparatory
+14087801551,Alpha: Jose Hernandez
+15308857067,Alta Vista Community Charter
+17602034846,Alta Vista Innovation High
+15107484314,Alternatives in Action
+18586782050,Altus Schools Audeo
+18586782020,Altus Schools Charter School of San Diego
+17609477100,Altus Schools Mirus Charter
+15598649411,Alvina Elementary Charter
+15594979331,Ambassador Phillip V. Sanchez II Public Charter
+16196944809,America's Finest Charter
+15303338340,American River Charter
+19166723550,American River Collegiate Academy
+13233523148,Anahuacalmecac International Univ Prep of N. America
+15303653100,Anderson New Technology High
+13235651600,Animo City of Champions Charter High
+13235653245,Animo Ellen Ochoa Charter Middle
+13235653280,Animo Florence-Firestone Charter Middle
+13235652100,Animo Inglewood Charter High
+13238465800,Animo Jackie Robinson High
+13235688613,Animo James B. Taylor Charter Middle
+13232321857,Animo Jefferson Charter Middle
+13102163277,Animo Leadership High
+13236006000,Animo Legacy Charter Middle
+13235654450,Animo Mae Jemison Charter Middle
+13235853312,Animo Pat Brown
+13232329436,Animo Ralph Bunche Charter High
+13237790544,Animo South Los Angeles Charter
+13103928751,Animo Venice Charter High
+13237563930,Animo Watts College Preparatory Academy
+16612720044,Antelope Valley Learning Academy
+19257557311,Antioch Charter Academy
+19257551252,Antioch Charter Academy II
+18189942904,Ararat Charter
+18054371410,Architecture Construction & Engineering Charter High (ACE)
+15302682805,Arete Charter Academy
+15104365487,ARISE High
+16196569676,Arroyo Vista Charter
+13232664371,Arts In Action Community Charter
+19094753322,ASA Charter
+15108793140,ASCEND
+15593692456,Aspen Meadow Public
+15593740080,Aspen Ridge Public
+15592257737,Aspen Valley Prep Academy
+19169791788,Aspire Alexander Twilight College Preparatory Academy
+13235851153,Aspire Antonio Maria Lugo Academy
+12094663861,Aspire APEX Academy
+12093373010,Aspire Arts & Sciences Academy
+12099551477,Aspire Benjamin Holt College Preparatory Academy
+12094379899,Aspire Benjamin Holt Middle
+15106582900,Aspire Berkley Maynard Academy
+19167398520,Aspire Capitol Heights Academy
+13238269616,Aspire Centennial College Preparatory Academy
+15105628030,Aspire College Academy
+16506149100,Aspire East Palo Alto Charter
+13232495740,Aspire Firestone Academy Charter
+15105679631,Aspire Golden State College Preparatory Academy
+13232358400,Aspire Inskeep Academy Charter
+13235835421,Aspire Junior Collegiate Academy
+12099432389,Aspire Langston Hughes Academy
+15106357737,Aspire Lionel Wilson College Preparatory Academy
+15105683101,Aspire Monarch Academy
+13232772901,Aspire Ollin University Preparatory Academy
+13235892800,Aspire Pacific Academy
+15106848900,Aspire Richmond Ca. College Preparatory Academy
+15104800660,Aspire Richmond Technology Academy
+12099568100,Aspire River Oaks Charter
+12099445590,Aspire Rosa Parks Academy
+12092089900,Aspire Stockton 6-12 Secondary Academy
+12095388082,Aspire Summit Charter Academy
+15106389445,Aspire Triumph Technology Academy
+12095448722,Aspire University Charter
+12095213010,Aspire Vanguard College Preparatory Academy
+12099315399,Aspire Vincent Shalvey Academy
+16612721225,Assurance Learning Academy
+12098309219,Astronaut Jose' M. Hernandez Academy
+19512426646,Audeo Valley Charter
+15107467862,Aurum Preparatory Academy
+16267971438,Aveson Global Leadership Academy
+16267971440,Aveson School of Leaders
+14084714680,B. Roberto Cruz Leadership Academy
+12093949400,Ballico-Cressey Community Charter
+16192282054,Ballington Acad for the Arts and Scis - San Bernardino
+17603530140,Ballington Academy for the Arts and Sciences
+12092294650,Banta Charter
+13235664590,Barack Obama Charter
+16194430948,Barona Indian Charter
+15103829932,Bay Area Technology
+18317174630,Bay View Academy
+17602034383,Baypoint Preparatory Academy - San Diego
+18183601924,Beckford Charter for Enriched Studies
+17606218948,Bella Mente Montessori Academy
+18055957169,Bellevue-Santa Fe Charter
+18188345805,Bert Corona Charter
+18184806810,Bert Corona Charter High
+15594201234,Big Picture Educational Academy
+18313244573,Big Sur Charter
+17075396060,Binkley Elementary Charter
+18187585200,Birmingham Community Charter High
+15304771235,Bitney Prep High
+14089784675,Blackford Elementary
+15597307422,Blue Oak Academy
+15308797483,Blue Oak Charter
+16614129363,Blue Ridge Academy
+16195883121,Bostonia Global
+19163955215,Bowling Green Elementary
+15308851974,Bowman Charter
+18054923569,BRIDGES Charter
+18662013890,Bridges Preparatory Academy
+18336192378,Brookfield Engineering Science Technology Academy
+19169339746,Buckeye Union Mandarin Immersion Charter
+17074537300,Buckingham Collegiate Charter Academy
+16509474100,Bullis Charter
+15597827057,Butterfield Charter
+16194043190,Cabrillo Point Academy
+18182244430,Calabash Charter Academy
+17078377747,Cali Calmecac Language Academy
+15106859886,Caliber: Beta Academy
+17075639827,Caliber: ChangeMakers Academy
+13235392810,California Creative Learning Academy
+15303785254,California Heritage Youthbuild Academy II
+19164365770,California Innovative Career Academy
+19514432731,California Military Institute
+19163250910,California Montessori Project - Capitol Campus
+19167149699,California Montessori Project - Elk Grove Campus
+19169712432,California Montessori Project-San Juan Campuses
+15306723095,California Montessori Project-Shingle Springs Campus
+18009065166,California Online Public Schools Central Coast
+18552257227,California Pacific Charter - San Diego
+19492986040,California Republic Leadership Academy Capistrano
+17147989104,California Republic Leadership Academy Yorba Linda
+16573214000,California School of the Arts - San Gabriel Valley
+18055810202,California Virtual Academy @ Los Angeles
+18183472681,Calvert Charter for Enriched Studies
+18053841415,Camarillo Academy of Progressive Education
+12134134245,Camino Nuevo Charter Academy
+12137365542,Camino Nuevo Charter Academy #2
+12133535300,Camino Nuevo Charter Academy #4
+13237307160,Camino Nuevo Elementary #3
+12137365566,Camino Nuevo High #2
+15306444552,Camino Polytechnic
+14083644222,Campbell School of Innovation
+13104547510,Canyon Charter Elementary
+19162340583,Capital College & Career Academy
+19164765796,Capitol Collegiate Academy
+14083644260,Capri Elementary
+15594434872,Career Technical Education Charter
+18187614363,Carpenter Community Charter
+15592293529,Carter G. Woodson Public Charter
+17074640390,Castle Rock
+18183601908,Castlebay Lane Charter
+14083644233,Castlemont Elementary
+13232933917,CATCH Prep Charter High Inc.
+19518266461,CBK Charter
+16617215030,Cecil Avenue Math and Science Academy
+18317862100,Ceiba College Preparatory Academy
+13232320245,Center for Advanced Learning
+16618850023,Central Academy of Arts and Technology
+12134714686,Central City Value
+15598976740,Central Valley Home
+13104122286,Century Community Charter
+17078903890,Cesar Chavez Language Academy
+18189947614,CHAMPS - Charter HS of Arts-Multimedia & Performing
+15596223273,Charter Home School Academy
+15306226984,Charter Home Study Academy
+15306723890,Charter Montessori Valley View Campus
+14084630618,Charter School of Morgan Hill
+18186783400,Chatsworth Charter High
+15598684200,Chawanakee Academy Charter
+15303462153,Chicago Park Community Charter
+15308952650,Chico Country Day
+15308772227,Children's Community Charter
+18183465100,CHIME Institute's Schwarzenegger Community
+15305479726,Chrysalis Charter
+16194262885,Chula Vista Learning Community Charter
+17604168250,Cielo Vista Charter
+17077654345,Cinnabar Charter
+15107970100,Circle of Independent Learning
+18186983848,Citizens of the World Charter School East Valley
+13234644292,Citizens of the World Charter School Hollywood
+14242480544,Citizens of the World Charter School Mar Vista
+13234622840,Citizens of the World Charter School Silver Lake
+18183303050,Citizens of the World Charter School West Valley
+19512528800,Citrus Springs Charter
+14158412200,City Arts & Leadership Academy
+16197953137,City Heights Preparatory Charter
+13106804880,City Honors International Preparatory High
+13237373013,City Language Immersion Charter
+19169575802,Clarksville Charter
+17605460101,Classical Academy
+17604809845,Classical Academy High
+17603309800,Classical Academy Vista
+19256827474,Clayton Valley Charter High
+18885021116,Clear Passage Educational Center
+15595750587,Clovis Global Academy
+15593274400,Clovis Online Charter
+17606314020,Coastal Academy Charter
+17078258804,Coastal Grove Charter
+18187615115,Colfax Charter Elementary
+17147968795,College and Career Preparatory Academy
+19092851111,College Bridge Academy
+16193032782,College Preparatory Middle
+12133047077,Collegiate Charter High School of Los Angeles
+15307122242,Come Back Butte Charter
+12093866025,Come Back Charter
+19162865161,Community Collaborative Charter
+13104762281,Community Magnet Charter Elementary
+17607437880,Community Montessori
+19162865170,Community Outreach Academy
+19498314272,Community Roots Academy
+15106864131,Community School for Creative Education
+18559374227,Compass Charter School of Yolo
+19097970174,Competitive Edge Charter Academy (CECA)
+16504822426,Connect Community Charter
+12098741119,Connecting Waters Charter
+12099284228,Connections Visual and Performing Arts Academy
+19252351130,Contra Costa School of Performing Arts
+15308943952,CORE Butte Charter
+15307422786,CORE Charter
+15302852003,Cottonwood
+15303477200,Cottonwood Creek Charter
+15109046300,Cox Academy
+14157493509,Creative Arts Charter
+19165661870,Creative Connections Arts Academy
+17076640600,Credo High
+15305811036,Creekside Charter
+15593160295,Crescent Valley Public Charter II
+15593897270,Crescent View South II
+15592228439,Crescent View West Public Charter
+13237911600,Crete Academy
+15595835060,Crossroads Charter Academy
+12134489747,Crown Preparatory Academy
+15307577154,Da Vinci Charter Academy
+13107255800,Da Vinci Communications
+16195821822,Darnall Charter
+18183494381,Dearborn Elementary Charter Academy
+16617215040,Del Vista Math and Science Academy
+12098306363,Delta Charter
+18314775212,Delta Charter
+19167441200,Delta Elementary Charter
+12096340917,Denair Charter Academy
+12096328887,Denair Elementary Charter Academy
+16619423357,Desert Sands Charter
+17605307680,Desert Trails Preparatory Academy
+16502312701,Design Tech High
+18317286225,Diamond Technology Institute
+16198700608,Diego Valley East Public Charter
+12092900511,Discovery Charter
+16196560797,Discovery Charter
+14082439800,Discovery Charter
+14083001358,Discovery Charter II
+18188971187,Discovery Charter Preparatory #2
+18187846283,Dixie Canyon Community Charter
+17076788953,Dixon Montessori Charter
+15105351580,Downtown Charter Academy
+14089427000,Downtown College Prep - Alum Rock
+14082718120,Downtown College Preparatory
+12137488868,Downtown Value
+12099484511,Dr. Lewis Dolphin Stallworth Sr. Charter
+12137461995,Dr. Theodore T. Alexander Jr. Science Center
+17077784621,Dual Language Immersion Academy Charter
+17606316200,Dual Language Immersion North County
+17077955050,Dunham Charter
+16195460000,e3 Civic High
+19259460994,Eagle Peak Montessori
+15105779557,East Bay Innovation Academy
+16508938900,East Palo Alto Academy
+12096693410,eCademy Charter at Crane
+15594572530,Edison-Bethune Charter Academy
+13234462570,Ednovate - Brio College Prep
+13232851441,Ednovate - East College Prep
+13232508818,Ednovate - Encore Arts and Media College Prep
+13234590325,Ednovate - Esperanza College Prep
+17149882775,Ednovate - Legacy College Prep.
+12133779377,Ednovate - South LA College Prep
+12139291046,Ednovate - USC Hybrid High College Prep
+17148369023,Edward B. Cole Academy
+17079836946,Eel River Charter
+16194014150,EJE Elementary Academy Charter
+18185957500,El Camino Real Charter High
+18183602288,El Oro Way Charter for Enriched Studies
+17149976238,El Rancho Charter
+13233528034,El Rio Community
+17145430023,El Sol Santa Ana Science and Arts Academy
+15595929160,Eleanor Roosevelt Community Learning Center
+18587514774,Elevate
+18663548302,Elite Academic Academy - Lucerne
+17076523142,Elite Public
+19167141653,Elk Grove Charter
+13102343100,Emerson Community Charter
+16614293264,Empower Generations
+18582921304,Empower Language Academy
+19162865130,Empowering Possibilities International Charter
+18185953900,Enadia Way Technology Charter
+18187841762,Encino Charter Elementary
+15592480471,Endeavor Charter
+19098888458,Entrepreneur High
+19092007148,Entrepreneur High Fontana
+14242959898,Environmental Charter High - Gardena
+13102143400,Environmental Charter High - Lawndale
+13104251605,Environmental Charter Middle - Gardena
+13107930157,Environmental Charter Middle - Inglewood
+15105968901,Envision Academy for Arts & Technology
+12097176700,EPIC Academy
+16572201000,Epic California Academy
+16618224381,EPIC de Cesar Chavez
+12132015940,Equitas Academy #2
+12132040344,Equitas Academy #3 Charter
+12132015934,Equitas Academy 4
+12132015936,Equitas Academy 5
+12132010440,Equitas Academy Charter
+17074692305,Ernest Kimme Charter Academy
+12098383591,Escalon Charter Academy
+17607373154,Escondido Charter High
+14082757190,Escuela Popular Accelerated Family Learning
+14082757191,Escuela Popular/Center for Training and Careers Family Lrng
+16503661050,Everest Public High
+12134877736,Everest Value
+15303473411,Evergreen Institute of Excellence
+19493877822,Excel Academy Charter
+17602454262,Excelsior Charter
+16264292773,Explore Academy
+13237808300,Extera Public
+13239817045,Extera Public School No. 2
+17074536240,Fairmont Charter Elementary
+13109460379,Family First Charter
+18053483333,Family Partnership Charter
+14083775480,Fammatre Elementary
+14083773321,Farnham Charter
+16194228397,Feaster (Mae L.) Charter
+16269321802,Feather River Charter
+18188967482,Fenton Avenue Charter
+18189623636,Fenton Charter Leadership Academy
+18184855900,Fenton Primary Center
+14157343310,Five Keys Charter (SF Sheriff's)
+19162949190,Folsom Cordova K-8 Community Charter
+15302654823,Forest Charter
+14083644279,Forest Hill Elementary
+15308913154,Forest Ranch Charter
+17078872279,Forestville Academy
+19162731030,Fortune
+15103944110,Francophone Charter School of Oakland
+17074422969,Freshwater Charter Middle
+15595852430,Frontier Elementary
+17078223348,Fuente Nueva Charter
+12096679047,Fusion Charter
+19162861902,Futures High
+12134135741,Gabriella Charter
+12134135828,Gabriella Charter 2
+19513842015,Garvey/Allen Visual & Performing Arts Academy for STEM
+18186543300,Gaspar De Portola Charter Middle
+19512223710,Gateway College and Career Academy
+14157493600,Gateway High
+19162861985,Gateway International
+14159221001,Gateway Middle
+18183137400,George Ellery Hale Charter Academy
+19163955266,George Washington Carver School of Arts and Science
+17608624350,George Washington Charter
+14083375445,Gilroy Prep (a Navigator School)
+18183891184,Girls Athletic Leadership School Los Angeles
+15596421422,Glacier High School Charter
+13232329588,Global Education Academy
+15597307788,Global Learning Charter
+13103063484,Goethe International Charter
+12095329781,Gold Rush Home Study Charter
+15592933157,Golden Charter Academy
+15309265800,Golden Eagle Charter
+19254273199,Golden Gate Community
+18056423435,Golden Valley Charter
+19169871490,Golden Valley Orchard
+19169876141,Golden Valley River
+16192632171,Gompers Preparatory Academy
+19093076312,Gorman Learning Center
+13109100230,Grace Hopper STEM Academy
+18183602361,Granada Hills Charter
+19099063593,Granite Mountain Charter
+15302738723,Grass Valley Charter
+12096320505,Gratton Charter
+17078235361,Gravenstein Elementary
+12095762283,Great Valley Academy
+12095457500,Great Valley Academy - Salida
+16196693050,Greater San Diego Academy
+17075526482,Griffin Academy High
+18057826882,Grizzly ChalleNGe Charter
+19097987831,Grove
+18188852300,Grover Cleveland Charter High
+16618558200,Grow Academy Arvin
+16616307220,Grow Academy Shafter
+16615275000,Grow Public Schools
+19163945007,Growth Public
+17606318500,Guajome Learning Centers
+17078692864,Guerneville Elementary (Charter)
+18183484741,Hamlin Charter Academy
+15595835901,Hanford Online Charter
+19098841410,Hardy Brown College Prep
+15595680347,Harmony Magnet Academy
+16196688635,Harriet Tubman Village Charter
+12095230401,Hart-Ransom Charter
+19162591425,Harvest Ridge Cooperative Charter
+16193493700,Hawking S.T.E.A.M. Charter
+13109738184,Hawthorne Math and Science Academy
+18187167310,Haynes Charter for Enriched Studies
+16505203915,Hayward Collegiate Charter
+15103703334,Hayward Twin Oaks Montessori
+12099337360,Health Careers Academy
+16195289070,Health Sciences High and Middle College
+15305325848,Hearthstone
+16618290099,Heartland Charter
+14154889572,Heartwood Charter
+16196441940,Helix High
+17607373111,Heritage K-8 Charter
+18669929033,Heritage Peak Charter
+18185287000,Hesby Oaks Leadership Charter
+12098749070,Hickman Charter
+12098741816,Hickman Elementary
+16195646700,High Tech Elementary
+16195912550,High Tech Elementary Chula Vista
+16197953600,High Tech Elementary Explorer
+16195104620,High Tech Elementary Mesa
+17607592785,High Tech Elementary North County
+16192435000,High Tech High
+16195912500,High Tech High Chula Vista
+16193984900,High Tech High International
+16193988620,High Tech High Media Arts
+16197951810,High Tech High Mesa
+17607592700,High Tech High North County
+18186092680,High Tech LA
+18185836229,High Tech LA Middle
+16198145060,High Tech Middle
+16195912530,High Tech Middle Chula Vista
+16193988640,High Tech Middle Media Arts
+16195104600,High Tech Middle Mesa
+17607592750,High Tech Middle North County
+19162865183,Higher Learning Academy
+19512660220,Highland Academy
+19168442283,Highlands Community Charter
+17078237653,Hillcrest Middle
+18313130772,Hollister Prep
+16192667333,Holly Drive Leadership Academy
+15308721171,HomeTech Charter
+19164085200,Horizon Charter
+16199340300,Howard Gardner Community Charter
+15593057565,Hume Lake Charter
+13232986420,ICEF Inglewood Elementary Charter Academy
+13232906997,ICEF Innovation Los Angeles Charter
+13232906960,ICEF View Park Preparatory Elementary
+13232906975,ICEF View Park Preparatory High
+13232906970,ICEF View Park Preparatory Middle
+13232986400,ICEF Vista Elementary Academy
+13232986405,ICEF Vista Middle Academy
+14082233750,Ida Jew Academies
+19098888390,iEmpire Academy
+16192652411,Iftin Charter
+16612686386,iLead Agua Dulce
+16614341755,iLEAD Hybrid
+16617224287,iLEAD Lancaster Charter
+16616448701,iLEAD Online Charter
+17603919200,Imagine Schools Riverside County
+15103001560,Impact Academy of Arts & Technology
+16196285600,Imperial Beach Charter
+17603125566,Imperial Pathways Charter
+17603355100,Imperial Valley Home School Academy
+17609521760,Independence Charter Academy
+18184564590,Ingenium Charter
+18183092777,Ingenium Charter Middle
+16192622046,Ingenuity Charter
+19094461100,Inland Leaders Charter
+18582711414,Innovations Academy
+19516570728,Innovative Horizons Charter
+15308913090,Inspire School of Arts and Sciences
+16193360808,Integrity Charter
+15622834456,Intellectual Virtues Academy
+15629127017,Intellectual Virtues Academy of Long Beach
+19494414500,International School for Science and Culture
+18315832165,International School of Monterey
+15109940888,Invictus Academy of Richmond
+13237924403,Invictus Leadership Academy
+15305321165,Ipakanni Early College Charter
+19495596868,Irvine Chinese Immersion Academy
+19492426164,Irvine International Academy
+13107641234,ISANA Achernar Academy
+18187595633,ISANA Cardinal Academy
+13232317005,ISANA Himalia Academy
+13237326613,ISANA Nascent Academy
+13233443622,ISANA Octavia Academy
+18187532712,ISANA Palmati Academy
+15598971046,Island Community Day
+15599246424,Island Elementary
+18187160771,Ivy Academia
+18188080158,Ivy Bound Acad of Math Sci and Tech Charter Mid
+18052225188,IvyTech Charter
+18188822496,James Jordan Middle
+12136141745,Jardin de la Infancia
+17602302870,JCS - Cedar Cove
+16193034344,JCS - Manzanita
+17606324989,JCS - Mountain Oaks
+17607655500,JCS - Pine Hills
+16194731300,JCS - Pine Valley
+12093317809,Joe Serna Jr. Charter
+19167806800,John Adams Academy - El Dorado Hills
+19162095540,John Adams Academy - Lincoln
+17075242980,John B. Riebli Elementary
+15102352439,John Henry High
+12098880160,John McCandless Charter
+15302724008,John Muir Charter
+19494487232,Journey
+19516016620,Journey
+19515954500,Julia Lee Performing Arts Academy
+17607653847,Julian Charter
+18183464388,Justice Street Academy Charter
+17074537234,Kairos Public
+18583860887,Kavod Charter
+16192639266,Keiller Leadership Academy
+13104725918,Kenter Canyon Elementary Charter
+15594950849,Kepler Neighborhood
+16618273158,Kern Workforce 2000 Academy
+12096346467,Keyes to Learning Charter
+17075259223,Kid Street Charter
+16199384864,Kidinnu Academy
+17144654565,Kinetic Academy
+16192322825,King-Chavez Academy of Excellence
+16195257320,King-Chavez Arts and Athletics Academy
+16197041020,King-Chavez Community High
+16197443828,King-Chavez Preparatory Academy
+15593057320,Kings Canyon Online
+15595844475,Kings River-Hardwick Elementary
+15592422506,Kings Valley Academy II
+13234068000,KIPP Academy of Innovation
+13237780125,KIPP Academy of Opportunity
+16192333242,KIPP Adelante Preparatory Academy
+14154672522,KIPP Bayview Academy
+14154042602,KIPP Bayview Elementary
+15109290437,KIPP Bridge Academy
+13238862355,KIPP Comienza Community Prep
+13236078811,KIPP Compton Community
+13234575051,KIPP Corazon Academy
+13237502279,KIPP Empower Academy
+13238004125,KIPP Endeavor College Preparatory Charter
+14155281546,KIPP Esperanza High
+15104655477,KIPP Excelencia Community Preparatory
+14089265477,KIPP Heartwood Academy
+14082836260,KIPP Heritage Academy
+13234866402,KIPP Ignite Academy
+13238005218,KIPP Iluminar Academy
+15103172330,KIPP King Collegiate High
+13232647737,KIPP Los Angeles College Preparatory
+14086734892,KIPP Navigate College Prep
+13235846664,KIPP Philosophers Academy
+14082515600,Kipp Prize Preparatory Academy
+13234866400,KIPP Promesa Prep
+13237803900,KIPP Raices Academy
+14154404306,KIPP San Francisco Bay Academy
+14156436951,KIPP San Francisco College Preparatory
+14089373752,KIPP San Jose Collegiate
+13232922272,KIPP Scholar Academy
+13238005220,KIPP Sol Academy
+12098881686,KIPP Stockton
+15102580106,KIPP Summit Academy
+12097417924,KIPP University Park
+16504224022,KIPP Valiant Community Prep
+13234068007,KIPP Vida Preparatory Academy
+18183639558,Knollwood Preparatory Academy
+15103972524,Knowledge Enlightens You (KEY) Academy
+15597336963,La Sierra High
+13106805260,La Tijera Academy of Excellence Charter
+19093974684,La Verne Science and Technology Charter
+17074596344,La Vida Charter
+17079873063,Lake County International Charter
+19169575877,Lake View Charter
+13236566418,Larchmont Charter
+18185144566,Lashon Academy
+15307279495,Lassen-Antelope Volcanic Academy (LAVA)
+14087292281,Latino College Preparatory Academy
+15105687936,Latitude 37.8 High
+17078225626,Laurel Tree Charter
+17609484333,LaVerne Elementary Preparatory Academy
+15106892018,Lazear Charter Academy
+19514218450,Leadership Military Academy
+15103001340,Leadership Public Schools - Hayward
+15102354522,Leadership Public Schools: Richmond
+13239035712,Learning by Design Charter
+18585368388,Learning Choice Academy
+16194636801,Learning Choice Academy - Chula Vista
+18315829820,Learning for Life Charter
+15108791282,Learning Without Limits
+16265642871,Learning Works
+15599253552,Lemoore Middle College High
+15599253524,Lemoore Online College Preparatory High
+15599246890,Lemoore University Elementary Charter
+13106805600,Lennox Mathematics Science and Technology Academy
+16194200066,Leonardo da Vinci Health Sciences Charter
+19165675560,Leroy Greene Academy
+13234006149,Libertas College Preparatory Charter
+15596752070,Liberty Charter
+17077954380,Liberty Elementary
+14153978957,Life Learning Academy Charter
+13108851872,Lifeline Education Charter
+15105628801,Lighthouse Community Charter
+15105628225,Lighthouse Community Charter High
+15598975141,Lincoln Elementary
+15305287301,Lincoln Street
+18317286301,Linscott Charter
+16195797232,Literacy First Charter
+17077629020,Live Oak Charter
+18188885280,Lockhurst Drive Charter Elementary
+15107750255,Lodestar: A Lighthouse Community Charter Public
+15595625111,Loma Vista Charter
+17077654302,Loma Vista Immersion Academy
+15308272395,Long Valley
+19166522642,Loomis Basin Charter
+12134870600,Los Angeles Academy of Arts and Enterprise
+13232277719,Los Angeles Leadership Academy
+12133818484,Los Angeles Leadership Primary Academy
+18185281600,Louis Armstrong Middle
+15106330750,LPS Oakland R & D Campus
+14084790253,Luis Valdez Leadership Academy
+14085660368,Lynhaven Elementary
+16194760749,MAAC Community Charter
+15596624640,Madera County Independent Academy
+18186090507,Magnolia Science Academy
+18187580300,Magnolia Science Academy 2
+13106373806,Magnolia Science Academy 3
+13104732464,Magnolia Science Academy 4
+18187055676,Magnolia Science Academy 5
+13108428555,Magnolia Science Academy 6
+18188860585,Magnolia Science Academy 7
+13238263925,Magnolia Science Academy Bell
+16196441300,Magnolia Science Academy San Diego
+17144790115,Magnolia Science Academy Santa Ana
+15102621511,Making Waves Academy
+17075451771,Manzanita Elementary Charter
+15102223500,Manzanita Middle
+18057345600,Manzanita Public Charter
+19169747307,Marconi Learning Academy
+19166301510,Maria Montessori Charter Academy
+17075242741,Mark West Charter
+13104544019,Marquez Charter
+14083644259,Marshall Lane Elementary
+17077784740,Mary Collins Charter School at Cherry Valley
+15307496157,Marysville Charter Academy for the Arts
+13238211393,Math and Science College Preparatory
+13238975971,Matrix for Success Academy
+17073206394,Mayacamas Charter Middle
+16196290770,McGill School of Success
+18054957037,Meadows Arts and Technology Elementary
+12093815165,Merced Scholars Charter
+19514614620,Method Schools LA
+15595831149,Mid Valley Alternative Charter
+15598688689,Minarets Charter High
+18447883965,Mission Academy
+14155089626,Mission Preparatory
+16618741341,Mission View Public
+19514561981,Mission Vista Academy
+17077654304,Miwok Valley Elementary Charter
+17602453222,Mojave River Academy - Gold Canyon
+15302477307,Monarch Learning Center
+15597541442,Monarch River Academy
+14085560360,Monroe Middle
+12134139600,Monsenor Oscar Romero Charter Middle
+18188990215,Montague Charter Academy
+18316554638,Monterey Bay Charter
+18317550331,Monterey County Home Charter
+17075223015,Morrice Schaefer Charter
+15592487060,Morris E. Dailey Charter Elementary
+16193432048,Motivated Youth Academy
+18886866257,Mountain Oaks
+17608433303,Mountain View Montessori Charter
+15302952271,Mountainside Middle College High
+15308272129,Mt. Lassen Charter
+16194226192,Mueller Charter (Robert L.)
+18187165783,Multicultural Learning Center
+16192368712,Museum
+18187102640,N.E.W. Academy Canoga Park
+12134139183,N.E.W. Academy of Science and Arts
+19164193788,Natomas Charter
+19165675740,Natomas Pacific Pathways Prep
+19165675741,Natomas Pacific Pathways Prep Elementary
+15107484008,Nea Community Learning Center
+18183426148,Nestle Avenue Charter
+16196280900,Nestor Language Academy Charter
+15302737736,Nevada City School of the Arts
+12137659084,New Designs Charter
+13234180600,New Designs Charter School-Watts
+13235080155,New Heights Charter
+19166495077,New Hope Charter
+18187541362,New Horizons Charter Academy
+12098352597,New Jerusalem
+19163955240,New Joseph Bonnheim (NJB) Community Charter
+13239396400,New Los Angeles Charter
+13235569500,New Los Angeles Charter Elementary
+13109996162,New Millennium Secondary
+19168907579,New Pacific Charter - Roseville
+12133854015,New Village Girls Academy
+13109435444,New West Charter
+19166633307,Newcastle Charter
+12092294736,NextGeneration STEAM Academy
+12099337260,Nightingale Charter
+15308913138,Nord Country
+17605980782,North County Trade Tech High
+17078220861,Northcoast Preparatory and Performing Arts Academy
+15303381399,Northern Summit Academy Shasta
+17074452660,Northern United - Humboldt Charter
+15308424509,Northern United - Siskiyou Charter
+17075223320,Northwest Prep Charter
+19093862300,Norton Science and Language Academy
+17145690948,NOVA Academy - Coachella
+14158834254,Novato Charter
+16617215070,Nueva Vista Language Academy
+19519288498,Nuview Bridge Early College High
+17075420171,Oak Grove Elementary/Willowside Middle
+12098484361,Oakdale Charter
+15105326751,Oakland Charter Academy
+15104360101,Oakland Charter High
+15105943900,Oakland Military Institute College Preparatory Academy
+15108738800,Oakland School for the Arts
+15106357170,Oakland Unity High
+15105644851,Oakland Unity Middle
+18314249003,Oasis Charter Public
+19492693290,OCASA College Prep
+13108275511,Ocean Charter
+15302953566,Ocean Grove Charter
+16262095635,OCS - South
+17145609000,OCSA
+16262290993,Odyssey Charter
+17077654301,Old Adobe Elementary Charter
+16195746225,Old Town Academy K-8 Charter
+18056231111,Olive Grove Charter - Buellton
+17075223045,Olivet Elementary Charter
+12094684847,one.Charter
+13105680735,Open Charter Magnet
+18318408199,Open Door Charter
+16268140161,Opportunities for Learning - Baldwin Park
+19492481282,Opportunities for Learning - Capistrano
+16263032113,Opportunities for Learning - Duarte
+16616070153,Opportunities for Learning - William S. Hart
+15106707602,Opportunity Academy
+18446924888,Opportunity Youth Academy
+16262042500,Options For Youth - Duarte Inc
+16262820390,Options for Youth San Gabriel
+19094290482,Options for Youth-Acton
+19093816260,Options for Youth-San Bernardino
+19164855111,Options for Youth-San Juan
+17602418300,Options for Youth-Victor Valley Charter
+19492693291,Orange County Academy of Sciences and Arts
+16572239420,Orange County Classical Academy
+17145582787,Orange County Educational Arts Academy
+17149867400,Orange County School of Computer Science
+17145762714,Orange County Workforce Innovation High
+17078234709,Orchard View
+18059388900,Orcutt Academy Charter
+13237801259,Oscar De La Hoya Animo Charter High
+18183505000,Our Community Charter
+16502603152,Oxford Day Academy
+19496009050,Oxford Preparatory Academy - Middle
+19495407800,Oxford Preparatory Academy - Saddleback Valley
+19493056111,Oxford Preparatory Academy - South Orange County
+16197491928,Pacific Coast Academy
+18317862180,Pacific Coast Charter
+18314797785,Pacific Collegiate Charter
+17078824131,Pacific Community Charter
+15306226212,Pacific Crest Academy
+12099337475,Pacific Law Academy
+17607570161,Pacific View Charter
+17072699490,Pacific View Charter 2.0
+18188990201,Pacoima Charter Elementary
+13104543700,Palisades Charter Elementary
+13102306623,Palisades Charter High
+17608624320,Palm Desert Charter Middle
+16572138980,Palm Lane Global Academy
+16612344800,Palmdale Academy Charter
+16612733680,Palmdale Aerospace Academy
+12132396605,Para Los Ninos Charter
+12138962640,Para Los Ninos Middle
+12095240184,Paradise Charter
+15308727277,Paradise Charter Middle
+15307422505,Paragon Collegiate Academy
+16263181261,Pasadena Rosebud Academy
+18339801356,Paseo Grande Charter
+16193715017,Pathways Academy Charter School - Adult Education
+17075856510,Pathways Charter
+15308222480,Pathways Charter Academy
+17609498002,Pathways to College K8
+13109174800,Paul Revere Charter Middle
+18055631172,Peabody Charter
+18559007325,Peak Prep Pleasant Valley
+16612423811,Peak to Peak Mountain Charter
+17077784755,Penngrove Elementary
+17077784750,Petaluma Accelerated Charter
+14154910581,Phoenix Academy
+15302229280,Phoenix Charter Academy College View
+17075223310,Piner-Olivet Charter
+15595848831,Pioneer Elementary
+15595840112,Pioneer Middle
+15596641600,Pioneer Technical Center
+12099337496,Pittman Charter
+17078434676,Pivot Charter School - North Bay
+17605910217,Pivot Charter School - San Diego II
+15306364479,Pivot Charter School North Valley II
+19512800229,Pivot Charter School Riverside
+15307451440,Placer County Pathways Charter
+18183531730,Plainview Academic Charter Academy
+15302833851,Plumas Charter
+18188879700,Pomelo Community Charter
+13108329201,Port of Los Angeles High
+15597827300,Porterville Military Academy
+13238002739,PREPA TEC - Los Angeles
+18588223000,Preuss School UCSD
+14083772532,Price Charter Middle
+19098877002,Provisional Accelerated Learning Academy
+19093822211,Public Safety Academy
+12132390063,PUC CALS Middle School and Early College High
+18184850933,PUC Comm Charter Mid and PUC Comm Charter Early College High
+18184921890,PUC Community Charter Elementary
+13232765525,PUC Early College Academy for Leaders and Scholars (ECALS)
+13232225010,PUC Excel Charter Academy
+18184921880,PUC Inspire Charter Academy
+18184850340,PUC Lakeview Charter Academy
+18183562591,PUC Lakeview Charter High
+13232231786,PUC Milagro Charter
+18182561951,PUC Nueva Esperanza Charter Academy
+18188376221,PUC Triumph Charter Academy and PUC Triumph Charter High
+13237802961,Puente Charter
+15595246720,Quail Lake Environmental Charter
+15598971091,Rafer Johnson Junior High
+19512758820,REACH Leadership STEAM Academy
+15302244240,Redding Collegiate Academy
+15302476933,Redding School of the Arts
+15302755480,Redding STEM Academy
+17078324194,Redwood Coast Montessori
+17074670500,Redwood Collegiate Academy
+17076826149,Redwood Preparatory Charter
+15593057050,Reedley Middle College High
+13232595700,Renaissance Arts Academy
+18187583600,Reseda Charter High
+15102352465,Richmond Charter Academy
+15102157009,Richmond Charter Elementary-Benito Juarez
+15102352066,Richmond College Preparatory
+17603751010,Ridgecrest Elem Acad for Language Music and Sci
+12093684934,Rio Valley Charter
+12132248900,Rise Kohyang Elementary
+13232842553,Rise Kohyang High
+14247898338,Rise Kohyang Middle
+19169362333,Rising Sun Montessori
+19167441212,River Charter Schools Lighthouse Charter
+12097176715,River Islands High
+12092294700,River Islands Technology Academy II
+17077786414,River Montessori Elementary Charter
+17074671855,River Oak Charter
+18057777999,River Oaks Academy
+16193902579,River Valley Charter
+12098698093,Riverbank Language Academy
+18189904525,Riverside Drive Charter
+17602435884,Riverside Preparatory
+12098742331,Roberts Ferry Charter School Academy
+18778060920,Rocketship Academy Brilliant Minds
+19252465537,Rocketship Futuro Academy
+19166326580,Rocklin Academy
+19167784550,Rocklin Academy Gateway
+15302250456,Rocky Point Charter
+14083644235,Rolling Hills Middle
+15598976986,Ronald W. Reagan Elementary
+15598975193,Roosevelt Elementary
+17075450102,Roseland Charter
+14155346970,Ross Valley Charter
+19162776200,Sacramento Charter High
+19163955254,Sacramento New Technology Early College High
+19165966422,Sacramento Valley Charter
+18884354445,Sage Oak Charter
+18883454445,Sage Oak Charter School- Keppel
+17078741205,Salmon Creek School - A Charter
+17146190245,Samueli Academy
+16505087343,San Carlos Charter Learning Center
+18584961613,San Diego Cooperative Charter
+16196005321,San Diego Global Vision Academy
+18337725106,San Diego Mission Academy
+16197137271,San Diego Virtual
+16194324690,San Diego Workforce Innovation High
+19516546113,San Jacinto Valley Academy
+16268561693,San Jose Charter Academy
+14084596404,San Jose Conservation Corps Charter
+19169798378,San Juan Choices Charter
+17075242960,San Miguel Elementary
+15595246840,Sanger Academy Charter
+18059676522,Santa Barbara Charter
+16617054820,Santa Clarita Valley International
+18314665697,Santa Cruz County Career Advancement Charter
+13234690971,Santa Monica Boulevard Community Charter
+19516722400,Santa Rosa Academy
+17078903860,Santa Rosa Accelerated Charter
+17078903920,Santa Rosa Charter School for the Arts
+17078903930,Santa Rosa French-American Charter (SRFACS)
+18056867360,Santa Ynez Valley Charter
+17149976366,Santiago Charter Middle
+14082644380,Sartorette Charter
+19162861920,SAVA - Sacramento Academic and Vocational Academy
+19164283200,SAVA - Sacramento Academic and Vocational Academy - EGUSD
+19163878063,SAVA - Sacramento Academic and Vocational Academy - SCUSD
+19096770213,Savant Preparatory Academy of Business
+18883154660,Scale Leadership Academy - East
+14422623249,Scholarship Prep - Oceanside
+17147953498,Scholarship Prep - Orange County
+14242519089,Scholarship Prep - South Bay
+18588744338,School for Entrepreneurship and Technology
+19096220699,School of Arts and Enterprise
+19093974900,School of Extended Educational Options
+15595001352,School of Unlimited Learning
+15307356435,Science & Technology Academy at Knights Landing
+17078249700,Sebastopol Independent Charter
+17074637080,Sequoia Career Academy
+15595642106,Sequoia Elementary Charter
+18183406700,Serrania Avenue Charter for Enriched Studies
+17072457757,Shade Canyon
+17072349626,Shanel Valley Academy
+15302452600,Shasta Charter Academy
+15302333861,Shasta View Academy
+14087951140,Sherman Oaks Elementary
+18187848283,Sherman Oaks Elementary Charter
+15596741192,Sherman Thomas Charter
+15596756626,Sherman Thomas Charter High
+15598715490,Sherman Thomas STEM Academy
+15303456600,Sherwood Montessori
+12095222261,Shiloh Charter
+17609451227,SIATech
+15302682200,Sierra Academy of Expeditionary Learning
+15594904290,Sierra Charter
+15305823701,Sierra Expeditionary Learning
+12097426222,Sierra Foothill Charter
+15596877384,Sierra Vista Charter High
+17602410962,Sixth Street Prep
+18009764436,Sky Mountain Charter
+18313350932,SLVUSD Charter
+19165662740,Smythe Academy of Arts and Sciences
+19098883300,SOAR Charter Academy
+19164210600,Sol Aureus College Preparatory
+13234090801,Soleil Academy Charter
+17079354232,Sonoma Charter
+17077654305,Sonoma Mountain Elementary
+17074434828,South Bay Charter
+18009794436,South Sutter Charter
+18183968818,Southern California Flex Academy
+16194396327,Sparrow Academy
+19166497850,St. HOPE Public School 7
+12092388650,Stanislaus Alternative Charter
+16196603550,Steele Canyon High
+12133406700,Stella Elementary Charter Academy
+14247898337,Stella High Charter Academy
+13234067155,Stella Middle Charter Academy
+15302457730,Stellar Charter
+13239980950,STEM Preparatory Elementary
+12093909861,Stockton Collegiate International Elementary
+12099337370,Stockton Early College Academy
+17072525522,Stone Bridge
+15305341633,STREAM Charter
+15309366980,Success One!
+15597825902,Summit Charter Academy
+17609499202,Summit Leadership Academy-High Desert
+16505561110,Summit Preparatory Charter High
+15103744093,Summit Public School K2
+14157994719,Summit Public School: Shasta
+14087291981,Summit Public School: Tahoma
+15103744185,Summit Public School: Tamalpais
+19499946724,Suncoast Preparatory Academy
+17078242844,Sunridge Charter
+14086594785,Sunrise Middle
+18183491410,Superior Street Elementary
+19164684044,Sutter Peak Charter Academy
+19516785217,Sycamore Academy of Science and Cultural Arts
+19096068028,Sycamore Academy of Science and Cultural Arts - Chino Valley
+17145943660,Sycamore Creek Community Charter
+15596223236,Sycamore Valley Academy
+18188333700,Sylmar Charter High
+13232357960,Synergy Charter Academy
+13238462225,Synergy Kinetic Academy
+13235104171,Synergy Quantum Academy
+18182273600,Taft Charter High
+17608436622,Taylion High Desert Academy/Adelanto
+13238720809,TEACH Academy of Technologies
+13238720708,TEACH Prep Mildred S. Cunningham & Edith H. Morris Elem
+13238720707,TEACH Tech Charter High
+12094622282,TEAM Charter
+15305270188,Tehama eLearning Academy
+19518165506,Temecula International Academy
+19519266776,Temecula Preparatory
+19512946775,Temecula Valley Charter
+15107484017,The Academy of Alameda
+16197929000,The Heights Charter
+19162777137,The Language Academy of Sacramento
+16194638811,The Learning Choice Academy - East County
+19163955417,The MET
+14154018489,The New School of San Francisco
+16192633009,The O'Farrell Charter
+13238436700,The SEED School of Los Angeles County
+14159703330,Thomas Edison Charter Academy
+15302577300,Thompson Peak Charter
+17079641128,Three Rivers Charter
+18314629404,Tierra Pacifica Charter
+13232939826,Today's Fresh Start-Compton
+16572845228,Tomorrow's Leadership Collaborative (TLC) Charter
+13104553711,Topanga Elementary Charter
+18188862266,Topeka Charter School for Advanced Studies
+12098303200,Tracy Independent Study Charter
+17074620913,Tree of Life Charter
+15303787040,Tree of Life International Charter
+17078224721,Trillium Charter
+18052911303,Trivium Charter
+17078237446,Twin Hills Charter Middle
+15304781815,Twin Ridges Home Study Charter
+15307552872,Twin Rivers Charter
+17074649828,Uncharted Shores Academy
+15302738456,Union Hill Elementary
+17078224845,Union Street Charter
+17144730723,Unity Middle College High
+15592788263,University High
+13109143500,University High School Charter
+18054824608,University Preparation Charter School at CSU Channel Islands
+15302452790,University Preparatory
+14087231839,University Preparatory Academy Charter
+15597302529,University Preparatory High
+12133821223,University Preparatory Value High
+16192356884,Urban Corps of San Diego County Charter
+16197884668,Urban Discovery Academy Charter
+15108421181,Urban Montessori Charter
+17075568620,Vallejo Charter
+18188106713,Valley Charter Elementary
+18189889128,Valley Charter Middle
+18183062136,Valley International Preparatory High
+15596258527,Valley Life Charter
+18056404421,Valley Oak Charter
+16618526700,Valley Oaks Charter
+18182172733,Valor Academy Elementary
+18189348910,Valor Academy High
+18188301700,Valor Academy Middle
+18183602141,Van Gogh Charter
+15304325312,Vantage Point Charter
+18188967461,Vaughn Next Century Learning Center
+18056485503,Ventura Charter School of Arts and Global Education
+12094685940,Venture Academy
+17145632390,Vibrant Minds Charter
+14083417042,Village
+17075242848,Village Charter
+18187162887,Village Charter Academy
+17075455754,Village Elementary Charter
+15597358055,Visalia Charter Independent Study
+15596223212,Visalia Technical Early College
+19168831601,Visions In Education
+12132014000,Vista Charter Middle
+17149882719,Vista Condor Global Academy
+12132246800,Vista Horizon Global Academy
+19095095496,Vista Norte Public Charter
+12093654060,Vista Oaks Charter
+18054865449,Vista Real Charter High
+17607423300,Vivian Banks Charter
+12099421160,Voices College Bound Language Academy at Stockton
+15104800540,Voices College-Bound Language Acad at W. Contra Costa Co
+14083611960,Voices College-Bound Language Academy
+14087911700,Voices College-Bound Language Academy at Morgan Hill
+14087911609,Voices College-Bound Language Academy at Mt. Pleasant
+13235702915,Vox Collegiate of Los Angeles
+15594861166,W.E.B. DuBois Public Charter
+15303616480,Walden Academy
+15598972955,Washington Elementary
+19163757901,Washington Middle College High
+18317288123,Watsonville Charter School of the Arts
+18312174883,Watsonville Prep
+13237549900,Watts Learning Center
+13235654800,Watts Learning Center Charter Middle
+18183481975,Welby Way Charter Elem Sch And Gifted-High Ability Magnet
+15592336501,West Park Charter Academy
+12137454928,Westbrook Academy
+19517669030,Western Center Academy
+19167784544,Western Sierra Collegiate Academy
+19165675760,Westlake Charter
+19165661990,Westside Preparatory Charter
+13104747788,Westwood Charter Elementary
+15307880248,Wheatland Charter Academy
+17075392400,Whited Elementary Charter
+12095561617,Whitmore Charter High
+12095561610,Whitmore Charter School of Art & Technology
+18183451090,Wilbur Charter for Enriched Academics
+13106715578,Wilder's Preparatory Academy Charter
+15308921676,Wildflower Open Classroom
+15308651683,William Finch
+17074595506,Willits Charter
+17074591400,Willits Elementary Charter
+13107436990,WISH Academy High
+13106429474,WISH Community
+16617212887,Wonderful College Prep Academy
+16617972220,Wonderful College Prep Academy - Lost Hills
+18183477097,Woodlake Elementary Community Charter
+18183479220,Woodland Hills Elementary Charter for Enriched Studies
+17079963849,Woodland Star Charter
+19092661762,Woodward Leadership Academy
+17075420556,Wright Charter
+19164335057,Yav Pem Suab Academy - Preparing for the Future Charter
+15592580800,Yosemite Valley Charter
+12093756383,Yosemite-Wawona Elementary Charter
+12137412600,YouthBuild Charter School of California
+15104522063,Yu Ming Charter
+15308229667,Yuba City Charter
+15307494000,Yuba County Career Preparatory Charter
+15306922210,Yuba Environmental Science Charter Academy
+15302726060,Yuba River Charter
